text,label
Client meeting scheduled at 5:13 AM,1
Task completion required by tomorrow,1
Invoice submission before 7:53 AM,1
Submit lab report before 3:55 AM,1
Semester grading deadline approaching,1
Coursework submission closes tonight,1
Class test scheduled at 2:47 AM,1
Presentation due tomorrow at 12:42 PM,1
Research paper due next week,1
Sales report deadline Monday,1
Attendance report due Friday,1
Attendance report due Friday,1
Semester grading deadline approaching,1
Submit weekly report by end of day,1
Quarterly performance review meeting,1
Research paper due next week,1
Submit lab report before 4:13 AM,1
Attendance report due Friday,1
Team meeting at 7:37 AM sharp,1
Lab evaluation submission due today,1
Invoice submission before 6:46 AM,1
Attendance report due Friday,1
Budget report submission due today,1
Quiz scheduled on Monday at 9:11 AM,1
Exam will start at 4:37 PM,1
Quiz scheduled on Monday at 9:23 AM,1
Final project submission deadline is 18 April 2026,1
Final project submission deadline is 16 April 2026,1
Attendance submission deadline today,1
Student project evaluation due today,1
Midterm exam schedule finalized,1
Assignment 2 is due tomorrow,1
Exam paper checking deadline,1
Quarterly performance review meeting,1
Midterm exam schedule finalized,1
Team meeting at 4:49 AM sharp,1
Submit weekly report by end of day,1
Final exam paper submission deadline,1
Class test scheduled at 1:29 AM,1
Class test scheduled at 12:24 PM,1
Lab evaluation submission due today,1
Semester grading deadline approaching,1
Invoice submission before 4:05 PM,1
Submit lab report before 5:41 AM,1
Final project submission deadline is 19 April 2026,1
Submit weekly report by end of day,1
Presentation due tomorrow at 9:12 PM,1
Submit weekly report by end of day,1
Assignment 4 is due tomorrow,1
Task completion required by tomorrow,1
Lab evaluation submission due today,1
Exam will start at 1:46 AM,1
Submit weekly report by end of day,1
Class test scheduled at 10:12 AM,1
Class test scheduled at 9:53 AM,1
Final project submission deadline is 22 April 2026,1
Sales report deadline Monday,1
Semester grading deadline approaching,1
Exam paper checking deadline,1
Submit weekly report by end of day,1
Midterm exam scheduled on 15 April 2026,1
Sales report deadline Monday,1
Budget report submission due today,1
Submit weekly report by end of day,1
Quiz scheduled on Monday at 6:28 PM,1
Semester grading deadline approaching,1
Lab evaluation submission due today,1
Exam will start at 2:30 PM,1
Project deadline is 29 April 2026,1
Class test scheduled at 12:21 AM,1
Attendance submission deadline today,1
Coursework submission closes tonight,1
Submit lab report before 9:46 PM,1
Student project evaluation due today,1
Client meeting scheduled at 6:51 AM,1
Sales report deadline Monday,1
Final project submission deadline is 20 April 2026,1
Lab evaluation submission due today,1
Semester grading deadline approaching,1
Submit lab report before 7:36 AM,1
Final exam paper submission deadline,1
Invoice submission before 7:07 PM,1
Student project evaluation due today,1
Course outline submission required,1
Team meeting at 7:50 AM sharp,1
Midterm exam scheduled on 26 April 2026,1
Project deadline is 19 April 2026,1
Attendance submission deadline today,1
Assignment submission deadline is tomorrow,1
Presentation due tomorrow at 1:15 AM,1
Midterm exam schedule finalized,1
Course outline submission required,1
Coursework submission closes tonight,1
Class test scheduled at 1:01 PM,1
Quiz scheduled on Monday at 8:01 PM,1
Task completion required by tomorrow,1
Invoice submission before 6:22 PM,1
Sales report deadline Monday,1
Presentation due tomorrow at 11:46 AM,1
Project deadline is 13 April 2026,1
Sales report deadline Monday,1
Submit weekly report by end of day,1
Semester grading deadline approaching,1
Final exam paper submission deadline,1
Research paper due next week,1
Sales report deadline Monday,1
Research paper due next week,1
Midterm exam schedule finalized,1
Assignment 2 is due tomorrow,1
Attendance report due Friday,1
Midterm exam schedule finalized,1
Team meeting at 10:26 PM sharp,1
Exam paper checking deadline,1
Midterm exam scheduled on 26 April 2026,1
Attendance report due Friday,1
Project deadline is 11 April 2026,1
Class test scheduled at 3:49 PM,1
Research paper due next week,1
Exam paper checking deadline,1
Invoice submission before 2:01 PM,1
Course outline submission required,1
Submit lab report before 12:18 PM,1
Team meeting at 9:21 PM sharp,1
Final exam paper submission deadline,1
Assignment submission deadline is tomorrow,1
Final exam paper submission deadline,1
Assignment 3 is due tomorrow,1
Project deadline is 27 April 2026,1
Student project evaluation due today,1
Midterm exam schedule finalized,1
Submit weekly report by end of day,1
Midterm exam scheduled on 10 April 2026,1
Final exam paper submission deadline,1
Presentation due tomorrow at 6:14 AM,1
Client meeting scheduled at 12:22 AM,1
Midterm exam schedule finalized,1
Project deadline is 21 April 2026,1
Budget report submission due today,1
HR interview at 8:47 AM tomorrow,1
Attendance report due Friday,1
Assignment 3 is due tomorrow,1
Quiz scheduled on Monday at 1:06 AM,1
Presentation due tomorrow at 10:11 AM,1
Exam will start at 4:58 AM,1
Presentation due tomorrow at 5:57 PM,1
Attendance report due Friday,1
Final project submission deadline is 16 April 2026,1
Class test scheduled at 3:22 AM,1
Budget report submission due today,1
Submit weekly report by end of day,1
Submit weekly report by end of day,1
Exam will start at 9:43 AM,1
Client meeting scheduled at 9:30 AM,1
Attendance submission deadline today,1
Presentation due tomorrow at 10:17 PM,1
Coursework submission closes tonight,1
Presentation due tomorrow at 5:34 PM,1
Client meeting scheduled at 8:36 PM,1
Sales report deadline Monday,1
Midterm exam schedule finalized,1
Attendance submission deadline today,1
Midterm exam scheduled on 15 April 2026,1
Assignment 4 is due tomorrow,1
Submit lab report before 2:48 AM,1
Attendance report due Friday,1
Assignment 3 is due tomorrow,1
Exam paper checking deadline,1
Final project submission deadline is 21 April 2026,1
Final exam paper submission deadline,1
Semester grading deadline approaching,1
Quiz scheduled on Monday at 1:03 AM,1
Lab evaluation submission due today,1
Invoice submission before 1:52 AM,1
Team meeting at 9:49 PM sharp,1
Sales report deadline Monday,1
Student project evaluation due today,1
Exam will start at 3:40 PM,1
Quiz scheduled on Monday at 10:34 AM,1
Submit weekly report by end of day,1
Submit weekly report by end of day,1
Coursework submission closes tonight,1
Class test scheduled at 5:52 AM,1
Exam paper checking deadline,1
Attendance submission deadline today,1
Quiz scheduled on Monday at 6:47 PM,1
Exam will start at 10:45 AM,1
Presentation due tomorrow at 9:55 AM,1
Submit weekly report by end of day,1
Final project submission deadline is 24 April 2026,1
Task completion required by tomorrow,1
Coursework submission closes tonight,1
Client meeting scheduled at 12:10 PM,1
Attendance report due Friday,1
Quiz scheduled on Monday at 3:03 AM,1
Submit weekly report by end of day,1
Task completion required by tomorrow,1
Midterm exam scheduled on 19 April 2026,1
Assignment 1 is due tomorrow,1
Invoice submission before 10:10 PM,1
Assignment 4 is due tomorrow,1
Task completion required by tomorrow,1
Class test scheduled at 10:53 PM,1
Coursework submission closes tonight,1
Submit lab report before 7:35 PM,1
Midterm exam schedule finalized,1
Final project submission deadline is 18 April 2026,1
Student project evaluation due today,1
Quarterly performance review meeting,1
Final project submission deadline is 16 April 2026,1
HR interview at 12:27 AM tomorrow,1
Coursework submission closes tonight,1
Midterm exam schedule finalized,1
Assignment submission deadline is tomorrow,1
Student project evaluation due today,1
Exam paper checking deadline,1
Submit weekly report by end of day,1
Quiz scheduled on Monday at 7:24 PM,1
Quiz scheduled on Monday at 8:19 PM,1
Midterm exam schedule finalized,1
Final project submission deadline is 12 April 2026,1
Attendance submission deadline today,1
HR interview at 3:15 PM tomorrow,1
Project deadline is 19 April 2026,1
Exam paper checking deadline,1
Midterm exam scheduled on 23 April 2026,1
Semester grading deadline approaching,1
Assignment submission deadline is tomorrow,1
Attendance report due Friday,1
Sales report deadline Monday,1
Assignment 1 is due tomorrow,1
Research paper due next week,1
Semester grading deadline approaching,1
Assignment submission deadline is tomorrow,1
Invoice submission before 8:24 PM,1
Invoice submission before 4:01 AM,1
Attendance submission deadline today,1
Semester grading deadline approaching,1
Sales report deadline Monday,1
Assignment submission deadline is tomorrow,1
Midterm exam scheduled on 13 April 2026,1
Assignment submission deadline is tomorrow,1
Course outline submission required,1
Sales report deadline Monday,1
Course outline submission required,1
Invoice submission before 3:33 PM,1
Attendance submission deadline today,1
Attendance submission deadline today,1
Presentation due tomorrow at 7:33 PM,1
Attendance submission deadline today,1
Task completion required by tomorrow,1
Course outline submission required,1
Student project evaluation due today,1
Lab evaluation submission due today,1
Attendance report due Friday,1
Student project evaluation due today,1
Assignment submission deadline is tomorrow,1
Client meeting scheduled at 6:35 AM,1
Coursework submission closes tonight,1
Presentation due tomorrow at 11:08 AM,1
Submit lab report before 7:40 AM,1
Exam will start at 3:54 PM,1
Final project submission deadline is 29 April 2026,1
Sales report deadline Monday,1
Semester grading deadline approaching,1
Lab evaluation submission due today,1
Invoice submission before 12:10 PM,1
Course outline submission required,1
HR interview at 8:05 AM tomorrow,1
HR interview at 10:07 PM tomorrow,1
Quiz scheduled on Monday at 4:01 AM,1
Coursework submission closes tonight,1
HR interview at 9:39 PM tomorrow,1
Quarterly performance review meeting,1
Assignment 1 is due tomorrow,1
Client meeting scheduled at 7:44 AM,1
Client meeting scheduled at 7:51 AM,1
Invoice submission before 10:11 AM,1
Submit lab report before 10:44 AM,1
Semester grading deadline approaching,1
Coursework submission closes tonight,1
Submit weekly report by end of day,1
Team meeting at 1:14 PM sharp,1
Coursework submission closes tonight,1
Presentation due tomorrow at 5:15 PM,1
Attendance report due Friday,1
Final exam paper submission deadline,1
Team meeting at 1:52 AM sharp,1
Midterm exam schedule finalized,1
Class test scheduled at 12:05 AM,1
Research paper due next week,1
Client meeting scheduled at 5:22 AM,1
Sales report deadline Monday,1
Presentation due tomorrow at 7:15 PM,1
Exam will start at 1:07 PM,1
Submit lab report before 8:36 PM,1
Quarterly performance review meeting,1
Sales report deadline Monday,1
Submit lab report before 2:13 AM,1
Team meeting at 6:39 PM sharp,1
Invoice submission before 9:05 PM,1
Student project evaluation due today,1
Quarterly performance review meeting,1
Attendance report due Friday,1
Submit lab report before 11:05 PM,1
Final project submission deadline is 18 April 2026,1
Quiz scheduled on Monday at 11:34 PM,1
Lab evaluation submission due today,1
Assignment submission deadline is tomorrow,1
Team meeting at 12:43 AM sharp,1
Budget report submission due today,1
Client meeting scheduled at 3:53 PM,1
Sales report deadline Monday,1
Assignment submission deadline is tomorrow,1
Invoice submission before 1:54 AM,1
Attendance report due Friday,1
Final project submission deadline is 28 April 2026,1
Class test scheduled at 1:20 PM,1
Coursework submission closes tonight,1
Attendance report due Friday,1
Exam paper checking deadline,1
Assignment 3 is due tomorrow,1
Semester grading deadline approaching,1
Exam paper checking deadline,1
Attendance submission deadline today,1
HR interview at 5:40 AM tomorrow,1
Submit weekly report by end of day,1
Attendance submission deadline today,1
Attendance submission deadline today,1
Presentation due tomorrow at 4:49 PM,1
Team meeting at 6:03 PM sharp,1
HR interview at 5:35 PM tomorrow,1
Final project submission deadline is 12 April 2026,1
Quarterly performance review meeting,1
Coursework submission closes tonight,1
Quiz scheduled on Monday at 12:30 AM,1
Midterm exam schedule finalized,1
Quarterly performance review meeting,1
Midterm exam schedule finalized,1
Assignment 1 is due tomorrow,1
Exam will start at 2:45 AM,1
Assignment 5 is due tomorrow,1
Attendance report due Friday,1
Class test scheduled at 12:02 PM,1
Quarterly performance review meeting,1
Class test scheduled at 9:28 AM,1
Project deadline is 19 April 2026,1
Coursework submission closes tonight,1
Midterm exam scheduled on 21 April 2026,1
Project deadline is 23 April 2026,1
Submit lab report before 3:29 AM,1
Project deadline is 28 April 2026,1
Assignment 1 is due tomorrow,1
Semester grading deadline approaching,1
Quarterly performance review meeting,1
Quiz scheduled on Monday at 10:52 PM,1
Coursework submission closes tonight,1
Submit weekly report by end of day,1
Exam paper checking deadline,1
Attendance submission deadline today,1
Final project submission deadline is 29 April 2026,1
Sales report deadline Monday,1
Quiz scheduled on Monday at 2:59 PM,1
Project deadline is 29 April 2026,1
Project deadline is 20 April 2026,1
Midterm exam scheduled on 24 April 2026,1
Final project submission deadline is 17 April 2026,1
Research paper due next week,1
Team meeting at 8:13 AM sharp,1
Attendance report due Friday,1
Submit lab report before 5:27 AM,1
Client meeting scheduled at 5:13 PM,1
HR interview at 4:36 AM tomorrow,1
Budget report submission due today,1
Attendance report due Friday,1
Research paper due next week,1
Exam paper checking deadline,1
Client meeting scheduled at 11:56 AM,1
Course outline submission required,1
Student project evaluation due today,1
Presentation due tomorrow at 5:02 PM,1
Coursework submission closes tonight,1
Budget report submission due today,1
Quiz scheduled on Monday at 2:20 PM,1
Exam paper checking deadline,1
Client meeting scheduled at 3:44 AM,1
Midterm exam schedule finalized,1
Exam paper checking deadline,1
Exam paper checking deadline,1
Task completion required by tomorrow,1
Exam will start at 10:33 PM,1
Attendance submission deadline today,1
Sales report deadline Monday,1
Class test scheduled at 12:51 AM,1
Quiz scheduled on Monday at 3:25 AM,1
HR interview at 9:36 AM tomorrow,1
Assignment 2 is due tomorrow,1
Presentation due tomorrow at 3:08 PM,1
HR interview at 8:13 PM tomorrow,1
HR interview at 10:51 PM tomorrow,1
Budget report submission due today,1
Assignment submission deadline is tomorrow,1
Exam will start at 10:08 AM,1
Invoice submission before 9:36 AM,1
Lab evaluation submission due today,1
Client meeting scheduled at 1:05 AM,1
Presentation due tomorrow at 4:41 AM,1
Invoice submission before 1:17 AM,1
Invoice submission before 9:20 PM,1
Quiz scheduled on Monday at 4:54 PM,1
Midterm exam scheduled on 22 April 2026,1
Team meeting at 2:46 PM sharp,1
Project deadline is 22 April 2026,1
Team meeting at 2:55 AM sharp,1
Midterm exam scheduled on 14 April 2026,1
Attendance submission deadline today,1
Exam paper checking deadline,1
Budget report submission due today,1
Attendance submission deadline today,1
Team meeting at 8:54 AM sharp,1
Lab evaluation submission due today,1
Class test scheduled at 5:28 AM,1
Submit weekly report by end of day,1
Course outline submission required,1
Presentation due tomorrow at 11:38 PM,1
Team meeting at 8:02 AM sharp,1
Sales report deadline Monday,1
Task completion required by tomorrow,1
Client meeting scheduled at 8:42 PM,1
Presentation due tomorrow at 5:29 PM,1
Project deadline is 26 April 2026,1
Final project submission deadline is 26 April 2026,1
Exam will start at 8:17 AM,1
Quarterly performance review meeting,1
Project deadline is 13 April 2026,1
Exam paper checking deadline,1
Task completion required by tomorrow,1
Team meeting at 2:20 PM sharp,1
Class test scheduled at 7:42 AM,1
Attendance submission deadline today,1
Submit weekly report by end of day,1
Final exam paper submission deadline,1
Research paper due next week,1
Team meeting at 10:47 PM sharp,1
Quiz scheduled on Monday at 1:29 AM,1
Task completion required by tomorrow,1
Class test scheduled at 7:16 PM,1
Midterm exam schedule finalized,1
Project deadline is 29 April 2026,1
Budget report submission due today,1
Exam will start at 10:58 AM,1
Research paper due next week,1
Submit weekly report by end of day,1
Task completion required by tomorrow,1
Student project evaluation due today,1
Semester grading deadline approaching,1
Project deadline is 14 April 2026,1
Attendance report due Friday,1
Submit lab report before 10:00 PM,1
Attendance report due Friday,1
Team meeting at 8:45 AM sharp,1
Attendance submission deadline today,1
HR interview at 8:02 PM tomorrow,1
Invoice submission before 4:38 AM,1
Exam will start at 4:49 PM,1
Class test scheduled at 1:55 AM,1
Assignment 3 is due tomorrow,1
Invoice submission before 5:49 PM,1
Student project evaluation due today,1
Assignment submission deadline is tomorrow,1
HR interview at 7:39 AM tomorrow,1
Attendance submission deadline today,1
Task completion required by tomorrow,1
Client meeting scheduled at 7:10 AM,1
Coursework submission closes tonight,1
Budget report submission due today,1
Semester grading deadline approaching,1
Course outline submission required,1
Quiz scheduled on Monday at 5:39 AM,1
Team meeting at 8:18 AM sharp,1
Class test scheduled at 7:00 AM,1
Assignment 2 is due tomorrow,1
Exam paper checking deadline,1
Coursework submission closes tonight,1
Budget report submission due today,1
Final project submission deadline is 19 April 2026,1
Final project submission deadline is 10 April 2026,1
Coursework submission closes tonight,1
Assignment 2 is due tomorrow,1
Task completion required by tomorrow,1
Course outline submission required,1
Lab evaluation submission due today,1
Attendance report due Friday,1
Client meeting scheduled at 5:56 PM,1
Submit weekly report by end of day,1
Lab evaluation submission due today,1
Course outline submission required,1
Course outline submission required,1
Final exam paper submission deadline,1
Course outline submission required,1
Assignment submission deadline is tomorrow,1
General academic update,0
Library schedule updated,0
Library schedule updated,0
New cafeteria menu released,0
General information shared,0
General information shared,0
System maintenance notice,0
Sports event scheduled next week,0
Campus maintenance alert,0
General information shared,0
General information shared,0
Library schedule updated,0
General academic update,0
System maintenance notice,0
General academic update,0
Campus maintenance alert,0
Sports event scheduled next week,0
Sports event scheduled next week,0
Policy update notification,0
Sports event scheduled next week,0
System maintenance notice,0
Holiday announcement,0
New cafeteria menu released,0
General information shared,0
Sports event scheduled next week,0
Newsletter for this month,0
General academic update,0
Holiday announcement,0
Policy update notification,0
General information shared,0
System maintenance notice,0
Policy update notification,0
General academic update,0
New cafeteria menu released,0
Sports event scheduled next week,0
Newsletter for this month,0
Library schedule updated,0
Newsletter for this month,0
Newsletter for this month,0
Library schedule updated,0
Holiday announcement,0
Policy update notification,0
Newsletter for this month,0
Sports event scheduled next week,0
Holiday announcement,0
Holiday announcement,0
General academic update,0
Sports event scheduled next week,0
Library schedule updated,0
Campus maintenance alert,0
Newsletter for this month,0
Holiday announcement,0
General academic update,0
System maintenance notice,0
Sports event scheduled next week,0
Sports event scheduled next week,0
Holiday announcement,0
Newsletter for this month,0
General information shared,0
Policy update notification,0
Newsletter for this month,0
Sports event scheduled next week,0
Library schedule updated,0
Policy update notification,0
Newsletter for this month,0
Sports event scheduled next week,0
General information shared,0
General academic update,0
General academic update,0
System maintenance notice,0
Library schedule updated,0
Library schedule updated,0
Library schedule updated,0
Policy update notification,0
Campus maintenance alert,0
Campus maintenance alert,0
General academic update,0
New cafeteria menu released,0
Campus maintenance alert,0
Sports event scheduled next week,0
Campus maintenance alert,0
Holiday announcement,0
Campus maintenance alert,0
General information shared,0
Newsletter for this month,0
Sports event scheduled next week,0
New cafeteria menu released,0
Holiday announcement,0
Library schedule updated,0
Library schedule updated,0
Sports event scheduled next week,0
Sports event scheduled next week,0
Library schedule updated,0
Newsletter for this month,0
General information shared,0
General academic update,0
Policy update notification,0
Policy update notification,0
System maintenance notice,0
System maintenance notice,0
Holiday announcement,0
General information shared,0
Sports event scheduled next week,0
General academic update,0
Library schedule updated,0
New cafeteria menu released,0
Holiday announcement,0
Sports event scheduled next week,0
General academic update,0
System maintenance notice,0
General information shared,0
Policy update notification,0
Sports event scheduled next week,0
Newsletter for this month,0
New cafeteria menu released,0
New cafeteria menu released,0
General academic update,0
Holiday announcement,0
System maintenance notice,0
Newsletter for this month,0
General information shared,0
Newsletter for this month,0
General information shared,0
Holiday announcement,0
Newsletter for this month,0
Policy update notification,0
General information shared,0
Policy update notification,0
Newsletter for this month,0
Library schedule updated,0
System maintenance notice,0
General academic update,0
Sports event scheduled next week,0
Campus maintenance alert,0
General academic update,0
Campus maintenance alert,0
New cafeteria menu released,0
General academic update,0
General academic update,0
New cafeteria menu released,0
Policy update notification,0
General academic update,0
Holiday announcement,0
Library schedule updated,0
Library schedule updated,0
System maintenance notice,0
Sports event scheduled next week,0
Campus maintenance alert,0
New cafeteria menu released,0
General academic update,0
New cafeteria menu released,0
Newsletter for this month,0
System maintenance notice,0
New cafeteria menu released,0
Holiday announcement,0
Sports event scheduled next week,0
System maintenance notice,0
New cafeteria menu released,0
Sports event scheduled next week,0
General academic update,0
General academic update,0
Holiday announcement,0
General academic update,0
System maintenance notice,0
New cafeteria menu released,0
General academic update,0
New cafeteria menu released,0
General academic update,0
New cafeteria menu released,0
General information shared,0
General information shared,0
Sports event scheduled next week,0
Campus maintenance alert,0
System maintenance notice,0
Policy update notification,0
Policy update notification,0
Campus maintenance alert,0
Sports event scheduled next week,0
Library schedule updated,0
Library schedule updated,0
Sports event scheduled next week,0
General academic update,0
Newsletter for this month,0
General academic update,0
Holiday announcement,0
Policy update notification,0
Sports event scheduled next week,0
Newsletter for this month,0
System maintenance notice,0
Newsletter for this month,0
New cafeteria menu released,0
Newsletter for this month,0
Campus maintenance alert,0
Newsletter for this month,0
Library schedule updated,0
Holiday announcement,0
General information shared,0
Sports event scheduled next week,0
Newsletter for this month,0
Newsletter for this month,0
Policy update notification,0
Campus maintenance alert,0
Library schedule updated,0
Holiday announcement,0
General academic update,0
Sports event scheduled next week,0
Policy update notification,0
New cafeteria menu released,0
New cafeteria menu released,0
System maintenance notice,0
Library schedule updated,0
System maintenance notice,0
General information shared,0
Sports event scheduled next week,0
Campus maintenance alert,0
Newsletter for this month,0
General information shared,0
Campus maintenance alert,0
System maintenance notice,0
Sports event scheduled next week,0
General information shared,0
Sports event scheduled next week,0
Library schedule updated,0
Sports event scheduled next week,0
System maintenance notice,0
Sports event scheduled next week,0
Policy update notification,0
Sports event scheduled next week,0
Sports event scheduled next week,0
Sports event scheduled next week,0
Library schedule updated,0
General information shared,0
Policy update notification,0
System maintenance notice,0
Library schedule updated,0
Library schedule updated,0
Library schedule updated,0
Campus maintenance alert,0
General academic update,0
System maintenance notice,0
Holiday announcement,0
Sports event scheduled next week,0
General academic update,0
Library schedule updated,0
Library schedule updated,0
Campus maintenance alert,0
New cafeteria menu released,0
Holiday announcement,0
Library schedule updated,0
Holiday announcement,0
Sports event scheduled next week,0
Campus maintenance alert,0
Sports event scheduled next week,0
System maintenance notice,0
Library schedule updated,0
System maintenance notice,0
Newsletter for this month,0
Campus maintenance alert,0
New cafeteria menu released,0
New cafeteria menu released,0
General academic update,0
New cafeteria menu released,0
Campus maintenance alert,0
Sports event scheduled next week,0
Sports event scheduled next week,0
Library schedule updated,0
Newsletter for this month,0
General information shared,0
Sports event scheduled next week,0
Newsletter for this month,0
Policy update notification,0
Newsletter for this month,0
Campus maintenance alert,0
Library schedule updated,0
Holiday announcement,0
Holiday announcement,0
General information shared,0
Library schedule updated,0
New cafeteria menu released,0
Newsletter for this month,0
Holiday announcement,0
General academic update,0
Policy update notification,0
New cafeteria menu released,0
Campus maintenance alert,0
Sports event scheduled next week,0
General academic update,0
General information shared,0
General academic update,0
Newsletter for this month,0
New cafeteria menu released,0
Campus maintenance alert,0
General information shared,0
General academic update,0
General information shared,0
Newsletter for this month,0
New cafeteria menu released,0
Policy update notification,0
System maintenance notice,0
Policy update notification,0
General information shared,0
Newsletter for this month,0
Holiday announcement,0
Newsletter for this month,0
Holiday announcement,0
Policy update notification,0
Campus maintenance alert,0
Sports event scheduled next week,0
Sports event scheduled next week,0
System maintenance notice,0
Holiday announcement,0
Sports event scheduled next week,0
Sports event scheduled next week,0
Holiday announcement,0
General information shared,0
Library schedule updated,0
Library schedule updated,0
Sports event scheduled next week,0
General information shared,0
General information shared,0
New cafeteria menu released,0
System maintenance notice,0
General academic update,0
Policy update notification,0
Sports event scheduled next week,0
Library schedule updated,0
Policy update notification,0
Campus maintenance alert,0
Sports event scheduled next week,0
New cafeteria menu released,0
Sports event scheduled next week,0
General academic update,0
Newsletter for this month,0
New cafeteria menu released,0
Policy update notification,0
System maintenance notice,0
General academic update,0
General information shared,0
Campus maintenance alert,0
Sports event scheduled next week,0
Newsletter for this month,0
Holiday announcement,0
Policy update notification,0
System maintenance notice,0
System maintenance notice,0
Sports event scheduled next week,0
Newsletter for this month,0
Campus maintenance alert,0
General academic update,0
General information shared,0
Newsletter for this month,0
Policy update notification,0
General information shared,0
General academic update,0
System maintenance notice,0
Policy update notification,0
Library schedule updated,0
Library schedule updated,0
System maintenance notice,0
General academic update,0
System maintenance notice,0
Library schedule updated,0
General academic update,0
General information shared,0
Sports event scheduled next week,0
Newsletter for this month,0
System maintenance notice,0
Campus maintenance alert,0
General information shared,0
Library schedule updated,0
Policy update notification,0
Library schedule updated,0
Sports event scheduled next week,0
System maintenance notice,0
New cafeteria menu released,0
General information shared,0
General information shared,0
Campus maintenance alert,0
Policy update notification,0
General information shared,0
Holiday announcement,0
Library schedule updated,0
Holiday announcement,0
General academic update,0
Policy update notification,0
Library schedule updated,0
Newsletter for this month,0
Policy update notification,0
Campus maintenance alert,0
Newsletter for this month,0
Policy update notification,0
Library schedule updated,0
Library schedule updated,0
Sports event scheduled next week,0
Library schedule updated,0
Policy update notification,0
Newsletter for this month,0
System maintenance notice,0
Library schedule updated,0
Sports event scheduled next week,0
Policy update notification,0
General academic update,0
Library schedule updated,0
New cafeteria menu released,0
Holiday announcement,0
General information shared,0
New cafeteria menu released,0
Newsletter for this month,0
Campus maintenance alert,0
General academic update,0
New cafeteria menu released,0
Policy update notification,0
Sports event scheduled next week,0
System maintenance notice,0
Sports event scheduled next week,0
Library schedule updated,0
New cafeteria menu released,0
Policy update notification,0
Holiday announcement,0
Newsletter for this month,0
General information shared,0
System maintenance notice,0
Holiday announcement,0
New cafeteria menu released,0
New cafeteria menu released,0
Policy update notification,0
Sports event scheduled next week,0
General information shared,0
Library schedule updated,0
Campus maintenance alert,0
Library schedule updated,0
General academic update,0
Library schedule updated,0
Campus maintenance alert,0
New cafeteria menu released,0
Policy update notification,0
General academic update,0
Policy update notification,0
Newsletter for this month,0
Campus maintenance alert,0
General academic update,0
Holiday announcement,0
General academic update,0
Campus maintenance alert,0
Holiday announcement,0
Newsletter for this month,0
Library schedule updated,0
Holiday announcement,0
General academic update,0
Campus maintenance alert,0
New cafeteria menu released,0
Library schedule updated,0
New cafeteria menu released,0
Policy update notification,0
General academic update,0
Sports event scheduled next week,0
General information shared,0
General information shared,0
Campus maintenance alert,0
Policy update notification,0
Holiday announcement,0
Sports event scheduled next week,0
System maintenance notice,0
Sports event scheduled next week,0
Holiday announcement,0
General academic update,0
New cafeteria menu released,0
System maintenance notice,0
Policy update notification,0
Library schedule updated,0
Newsletter for this month,0
Campus maintenance alert,0
System maintenance notice,0
Sports event scheduled next week,0
Library schedule updated,0
Campus maintenance alert,0
Newsletter for this month,0
Holiday announcement,0
System maintenance notice,0
Library schedule updated,0
Newsletter for this month,0
General academic update,0
General academic update,0
General academic update,0
Campus maintenance alert,0
Library schedule updated,0
Sports event scheduled next week,0
Holiday announcement,0
Holiday announcement,0
System maintenance notice,0
Campus maintenance alert,0
Campus maintenance alert,0
Holiday announcement,0
New cafeteria menu released,0
Holiday announcement,0
Policy update notification,0
New cafeteria menu released,0
New cafeteria menu released,0
System maintenance notice,0
System maintenance notice,0
